views,mature,life_time,created_at,updated_at,numeric_id,dead_account,language,affiliate
151991,1,1944,2013-06-16,2018-10-12,292,0,DA,1
7464,1,2084,2013-01-26,2018-10-11,339,0,DA,1
221388,0,2392,2012-03-12,2018-09-29,404,0,HU,0
153058,0,2273,2012-07-22,2018-10-12,462,0,DA,1
29212,1,1411,2014-12-01,2018-10-12,553,0,HU,1
8290,1,1949,2013-06-07,2018-10-08,655,0,DA,1
589166,1,1672,2014-03-15,2018-10-12,778,0,HU,0
93331,0,1745,2013-12-09,2018-09-19,994,0,HU,0
914606,0,2064,2013-02-16,2018-10-12,1084,0,NO,0
24154,0,1219,2015-06-08,2018-10-09,1246,0,DA,1
3672,0,1827,2013-10-09,2018-10-10,1250,0,HU,0
4984,0,982,2016-02-03,2018-10-12,1316,0,DA,1
14681,1,330,2017-11-16,2018-10-12,1340,0,HU,1
1412,1,2226,2012-08-02,2018-09-06,1359,0,NO,0
235152,0,1804,2013-11-03,2018-10-12,1425,0,DA,0
12609,0,1941,2013-06-10,2018-10-03,1694,0,DA,1
53535,1,1608,2014-05-18,2018-10-12,1799,0,HU,1
10494,1,1429,2014-11-13,2018-10-12,1886,0,HU,1
21741,0,620,2017-01-30,2018-10-12,1973,0,NO,1
1838,0,1260,2015-03-18,2018-08-29,2038,0,DA,0
4008,0,2657,2011-06-28,2018-10-06,2140,0,DA,1
5616,1,1465,2014-10-08,2018-10-12,2184,0,DA,1
3377,0,906,2016-04-19,2018-10-12,2510,0,NO,1
68366,1,1294,2015-03-28,2018-10-12,2564,0,HU,1
2608,0,2062,2013-02-18,2018-10-12,2697,0,DA,1
2097,0,2098,2013-01-12,2018-10-11,2814,0,HU,0
213897,0,1464,2014-10-09,2018-10-12,2848,0,DA,0
26376,0,2594,2011-08-24,2018-09-30,2958,0,NO,0
2813,0,1470,2014-10-02,2018-10-11,3006,0,NO,1
10153,1,741,2016-10-01,2018-10-12,3249,0,HU,1
1639966,0,1655,2014-04-01,2018-10-12,3653,0,HU,0
955,0,1830,2013-09-07,2018-09-11,3878,0,DA,0
1794,1,1646,2014-04-09,2018-10-11,3923,0,HU,0
8104,0,1245,2015-05-16,2018-10-12,4313,0,DA,1
1074,1,963,2016-02-21,2018-10-11,4773,0,HU,0
11570,0,1884,2013-08-14,2018-10-11,4791,0,NO,1
238125,0,434,2017-08-04,2018-10-12,4957,0,HU,0
770,1,616,2017-02-03,2018-10-12,5013,0,DA,0
390871,1,1878,2013-08-21,2018-10-12,5218,0,DA,1
5538,1,1945,2013-06-15,2018-10-12,5541,0,DA,1
13947,0,1625,2014-05-01,2018-10-12,5707,0,DA,1
609,0,1422,2014-11-18,2018-10-10,5808,0,NO,1
10960,1,2342,2012-05-14,2018-10-12,5948,0,DA,1
39712,1,1241,2015-05-20,2018-10-12,5950,0,HU,1
5021,1,386,2017-09-21,2018-10-12,5966,0,DA,1
1397,0,2319,2011-07-04,2017-11-08,6026,1,DA,0
86006,0,2803,2011-02-08,2018-10-12,6054,0,NO,1
1740,1,2307,2012-06-17,2018-10-11,6055,0,NO,1
153406,0,2778,2011-03-02,2018-10-09,6076,0,HU,0
19858,1,1501,2014-08-31,2018-10-10,6362,0,DA,1
23605,1,487,2017-06-12,2018-10-12,6432,0,NO,1
84426,0,2490,2011-12-18,2018-10-12,6474,0,DA,0
2613,0,231,2018-02-23,2018-10-12,6688,0,HU,1
1519,0,2130,2012-12-03,2018-10-03,6932,0,NO,0
112666,1,1539,2014-07-26,2018-10-12,7011,0,HU,1
36460,0,1785,2013-11-22,2018-10-12,7366,0,DA,1
1044,0,1294,2015-03-28,2018-10-12,7410,0,HU,0
4399,0,2191,2012-10-12,2018-10-12,7620,0,HU,0
14005,1,2373,2012-04-13,2018-10-12,7823,0,DA,1
1290,0,1771,2013-10-29,2018-09-04,7843,0,HU,0
12818,0,1798,2013-11-09,2018-10-12,8374,0,HU,0
8723,0,231,2018-02-23,2018-10-12,8396,0,DA,1
5928,0,815,2016-07-19,2018-10-12,8479,0,HU,1
2816,1,1784,2013-11-05,2018-09-24,8531,0,HU,0
3590,0,2102,2013-01-09,2018-10-12,8630,0,NO,0
20232,0,975,2016-02-10,2018-10-12,8649,0,HU,1
137168,0,2104,2013-01-07,2018-10-12,8739,0,DA,0
2641,0,2237,2012-06-14,2018-07-30,8749,0,DA,0
3818,0,1352,2015-01-27,2018-10-10,9080,0,DA,0
36641,1,1537,2014-07-28,2018-10-12,9119,0,NO,1
9254,0,579,2017-03-12,2018-10-12,9345,0,DA,1
2185,0,1709,2014-02-02,2018-10-08,9566,0,NO,0
2400,1,926,2016-03-16,2018-09-28,9686,0,NO,0
19368,0,1505,2014-08-29,2018-10-12,10067,0,DA,0
1120,0,1847,2013-09-21,2018-10-12,10069,0,HU,0
705043,1,2212,2012-09-21,2018-10-12,10153,0,HU,0
2289482,0,2458,2012-01-19,2018-10-12,10334,0,HU,0
42165,1,452,2017-07-17,2018-10-12,10449,0,NO,1
32945,1,490,2017-06-09,2018-10-12,10546,0,DA,1
1257,1,738,2016-10-03,2018-10-11,10741,0,NO,0
26899,1,1122,2015-09-16,2018-10-12,10777,0,NO,1
6319,1,660,2016-12-21,2018-10-12,10864,0,DA,1
2771,0,2272,2012-07-18,2018-10-07,11436,0,NO,0
269343,1,1692,2014-02-23,2018-10-12,11461,0,DA,1
867,0,1735,2014-01-10,2018-10-11,11554,0,NO,1
4685,0,651,2016-12-28,2018-10-10,11706,0,DA,1
164261,1,1773,2013-12-04,2018-10-12,11717,0,NO,0
11614,1,2461,2012-01-16,2018-10-12,11902,0,DA,0
11936,0,918,2016-04-07,2018-10-12,11913,0,DA,1
14586,1,2590,2011-09-09,2018-10-12,12158,0,NO,1
7746,0,1695,2014-02-19,2018-10-11,12328,0,DA,1
4970,0,1925,2013-07-05,2018-10-12,12443,0,NO,0
1050,0,300,2017-12-16,2018-10-12,12513,0,HU,0
4469,0,1460,2014-10-12,2018-10-11,12664,0,DA,0
6876,1,2391,2012-03-22,2018-10-08,12711,0,NO,0
5459,0,929,2016-03-24,2018-10-09,12998,0,HU,1
1044,0,1283,2015-04-05,2018-10-09,13077,0,HU,0
12564,1,545,2017-04-15,2018-10-12,13226,0,DA,1
5724,1,2441,2012-01-18,2018-09-24,13590,0,DA,0
3429498,0,1537,2014-07-28,2018-10-12,13772,0,NO,0
16008,1,910,2016-04-14,2018-10-11,13835,0,HU,1
8511,1,576,2017-03-15,2018-10-12,13846,0,HU,1
40076,1,257,2018-01-28,2018-10-12,13910,0,HU,1
2636,0,1158,2015-08-11,2018-10-12,14024,0,DA,1
2314,1,934,2016-03-21,2018-10-11,14159,0,NO,1
2326,0,1521,2014-03-03,2018-05-02,14170,1,DA,0
547,0,1164,2015-07-21,2018-09-27,14334,0,DA,0
2291,0,1049,2015-11-28,2018-10-12,14431,0,HU,0
9834,0,226,2018-02-28,2018-10-12,14550,0,DA,0
9704,0,1741,2014-01-04,2018-10-11,14723,0,HU,0
4400,0,1747,2013-11-10,2018-08-23,15036,0,NO,0
9703,0,930,2016-03-24,2018-10-10,15155,0,HU,1
11592,0,607,2017-02-12,2018-10-12,15438,0,NO,1
4189,0,688,2016-11-19,2018-10-08,15457,0,HU,1
16436,1,815,2016-07-19,2018-10-12,15508,0,DA,1
2025,0,289,2017-12-27,2018-10-12,15540,0,HU,0
2276,1,1444,2014-10-29,2018-10-12,16004,0,NO,0
1104,1,728,2016-10-09,2018-10-07,16038,0,DA,1
1661,1,547,2017-04-13,2018-10-12,16045,0,NO,0
8154,0,954,2016-03-01,2018-10-11,16083,0,NO,1
3040,1,2335,2012-04-06,2018-08-28,16106,0,NO,0
3584,1,1729,2014-01-15,2018-10-10,16153,0,NO,0
74652,1,436,2017-08-02,2018-10-12,16425,0,HU,0
5153,0,1864,2013-09-03,2018-10-11,16504,0,HU,0
25048,0,2434,2012-01-15,2018-09-14,16511,0,DA,0
145897,0,1929,2013-06-08,2018-09-19,16868,0,DA,0
3456,0,493,2017-06-06,2018-10-12,16997,0,HU,0
2523,0,1100,2015-09-26,2018-09-30,17162,0,NO,1
503,1,1353,2015-01-15,2018-09-29,17183,0,HU,0
918,1,2208,2012-09-17,2018-10-04,17246,0,DA,0
13291,0,2448,2012-01-29,2018-10-12,17299,0,DA,1
879,1,649,2016-11-22,2018-09-02,17669,0,NO,1
26831,1,1287,2015-03-31,2018-10-08,17727,0,DA,1
3071,1,1478,2014-09-07,2018-09-24,17770,0,HU,0
2090,0,1509,2014-08-24,2018-10-11,17921,0,HU,0
461442,0,2102,2013-01-09,2018-10-12,17978,0,HU,0
5338,1,1397,2014-12-14,2018-10-11,18021,0,DA,1
37874,1,1304,2015-03-15,2018-10-09,18233,0,HU,1
56625,0,1339,2015-01-26,2018-09-26,18570,0,HU,1
20633,0,2470,2012-01-05,2018-10-10,19061,0,HU,0
2549,0,2343,2012-05-05,2018-10-04,19069,0,HU,0
11637,0,1223,2015-06-07,2018-10-12,19209,0,DA,1
6461,1,373,2017-10-04,2018-10-12,19263,0,NO,1
12809,0,2380,2012-04-06,2018-10-12,19384,0,HU,1
3637,1,484,2017-06-14,2018-10-11,19519,0,NO,1
37348,0,1378,2015-01-03,2018-10-12,19534,0,HU,1
5936,1,2259,2012-07-25,2018-10-01,19778,0,DA,0
2811,1,221,2018-03-05,2018-10-12,19882,0,HU,1
2307,0,1090,2015-10-15,2018-10-09,19948,0,NO,1
16595,0,413,2017-08-25,2018-10-12,20245,0,HU,1
16835,0,1864,2013-08-27,2018-10-04,20281,0,DA,0
12173,0,1817,2013-10-21,2018-10-12,20366,0,DA,1
4376,0,451,2017-07-17,2018-10-11,20643,0,DA,1
28349,1,747,2016-09-25,2018-10-12,20731,0,NO,1
21710,0,1757,2013-12-16,2018-10-08,20952,0,HU,0
1359,0,2041,2013-03-07,2018-10-08,21229,0,NO,0
13051,1,402,2017-09-04,2018-10-11,21327,0,HU,1
51474,0,2109,2013-01-02,2018-10-12,21394,0,HU,1
3946,1,1522,2014-08-12,2018-10-12,21434,0,HU,0
15719,0,2105,2013-01-05,2018-10-11,21692,0,HU,1
55799,0,2006,2013-04-15,2018-10-12,22429,0,HU,1
1686,0,1965,2013-04-03,2018-08-20,22592,0,DA,0
1943,0,1718,2014-01-28,2018-10-12,22891,0,HU,0
3206,1,588,2017-02-19,2018-09-30,22971,0,DA,1
7180,1,1097,2015-10-10,2018-10-11,23121,0,DA,0
11017,0,1248,2015-05-13,2018-10-12,23247,0,NO,1
7884,0,1015,2016-01-01,2018-10-12,23381,0,DA,0
3526,0,1340,2015-02-07,2018-10-09,23483,0,HU,0
10147,0,586,2017-03-05,2018-10-12,23555,0,HU,1
1147,0,2398,2012-03-10,2018-10-03,23811,0,NO,0
7799,1,1582,2014-06-13,2018-10-12,23855,0,DA,1
6147,1,1619,2014-05-07,2018-10-12,24115,0,DA,1
3090,0,1084,2015-10-23,2018-10-11,24150,0,HU,1
5830,0,1592,2014-06-03,2018-10-12,24538,0,DA,1
5366,0,674,2016-12-07,2018-10-12,24563,0,DA,1
31350,0,621,2017-01-29,2018-10-12,24581,0,DA,1
118254,0,2153,2012-11-18,2018-10-11,24637,0,DA,1
24209,0,1535,2014-07-30,2018-10-12,24679,0,DA,1
3069,0,1925,2013-06-02,2018-09-09,24861,0,HU,0
3741,0,1190,2015-07-08,2018-10-10,25264,0,DA,1
3276,0,2872,2010-11-06,2018-09-17,25464,0,DA,0
11216,0,692,2016-11-19,2018-10-12,25530,0,DA,1
3816,1,2154,2012-11-14,2018-10-08,25541,0,NO,1
1130,0,1118,2015-09-03,2018-09-25,25565,0,DA,1
18034,1,2893,2010-11-08,2018-10-10,25652,0,NO,0
8388,1,2303,2012-06-22,2018-10-12,25666,0,NO,1
6189,1,1291,2015-03-31,2018-10-12,25758,0,DA,1
11267,1,368,2017-10-09,2018-10-12,25858,0,NO,1
10267,0,2435,2012-02-07,2018-10-08,26013,0,DA,1
20002,0,2161,2012-11-11,2018-10-12,26017,0,DA,0
1721,0,1349,2015-01-31,2018-10-11,26185,0,HU,0
712,0,1977,2013-03-16,2018-08-14,26257,0,NO,0
27618,0,900,2016-04-25,2018-10-12,26326,0,HU,1
1437,0,1027,2015-12-13,2018-10-05,26365,0,DA,0
2454,0,2818,2011-01-01,2018-09-19,26394,0,DA,0
10550,1,2003,2013-04-18,2018-10-12,26594,0,HU,1
53835,1,1049,2015-11-28,2018-10-12,26671,0,NO,1
1117479,0,1353,2015-01-28,2018-10-12,26979,0,DA,0
5860,1,623,2017-01-22,2018-10-07,27012,0,DA,1
1280,1,1166,2015-08-03,2018-10-12,27127,0,DA,0
6634,0,2395,2012-03-21,2018-10-11,27531,0,DA,1
1961,0,1759,2013-12-18,2018-10-12,27715,0,NO,0
2945,1,2255,2012-08-07,2018-10-10,27738,0,NO,0
11368,0,1892,2013-08-06,2018-10-11,27771,0,DA,1
2296,0,1085,2015-10-23,2018-10-12,28174,0,DA,1
25793,0,757,2016-09-15,2018-10-12,28207,0,DA,1
3328,0,2109,2012-08-30,2018-06-09,28211,1,NO,0
900,0,1997,2013-02-17,2018-08-07,28406,0,DA,0
67605,1,2354,2012-05-02,2018-10-12,28507,0,DA,1
1376,0,400,2017-09-06,2018-10-11,28536,0,DA,0
14585,0,2042,2013-03-09,2018-10-11,29055,0,HU,0
6709,1,2073,2013-02-07,2018-10-12,29481,0,HU,1
1538,0,573,2017-03-18,2018-10-12,29585,0,HU,0
95819,0,1809,2013-10-29,2018-10-12,29592,0,HU,1
1504,0,649,2017-01-01,2018-10-12,29662,0,DA,0
717,0,200,2018-03-11,2018-09-27,29799,0,NO,0
8462,0,619,2017-01-28,2018-10-09,29822,0,HU,1
2811,0,1023,2015-12-11,2018-09-29,29914,0,DA,0
203889,1,789,2016-08-14,2018-10-12,29948,0,DA,0
14443,1,691,2016-11-20,2018-10-12,30116,0,HU,1
8415,1,1639,2014-04-17,2018-10-12,30225,0,NO,1
15394,0,1231,2015-05-29,2018-10-11,30250,0,DA,1
3797,1,1936,2013-06-05,2018-09-23,30404,0,HU,0
1989,0,980,2016-02-04,2018-10-11,30783,0,HU,0
3160,0,1043,2015-11-06,2018-09-14,30929,0,DA,0
5742,0,1519,2014-08-14,2018-10-11,30980,0,HU,1
6367,1,1664,2014-03-23,2018-10-12,31548,0,HU,1
71701,0,1809,2013-10-29,2018-10-12,31562,0,DA,1
48141,0,2078,2013-02-02,2018-10-12,31800,0,HU,1
88330,1,1271,2015-04-20,2018-10-12,31907,0,DA,1
1033,0,1959,2013-05-27,2018-10-07,32083,0,NO,0
14887,1,2476,2012-01-01,2018-10-12,32255,0,NO,0
7630,0,2268,2012-07-21,2018-10-06,32467,0,DA,1
123787,1,2257,2012-07-26,2018-09-30,32688,0,HU,0
109755,1,1663,2014-03-24,2018-10-12,32721,0,DA,1
652,0,1666,2013-10-06,2018-04-29,32846,1,HU,0
4050,0,1929,2013-06-30,2018-10-11,32872,0,DA,1
58951,1,1810,2013-10-24,2018-10-08,32886,0,NO,1
26094,1,1008,2016-01-08,2018-10-12,33011,0,HU,1
32340,0,869,2016-05-26,2018-10-12,33284,0,NO,1
24945,0,635,2017-01-15,2018-10-12,33992,0,HU,1
3457,1,1085,2015-10-23,2018-10-12,34024,0,NO,1
4115,0,361,2017-10-15,2018-10-11,34100,0,HU,1
5078583,0,2658,2011-07-03,2018-10-12,34164,0,DA,0
6279,1,1070,2015-11-07,2018-10-12,34230,0,HU,1
16929,1,1314,2015-03-08,2018-10-12,34333,0,NO,1
22295,0,2685,2011-06-06,2018-10-12,34526,0,HU,1
12956,0,2667,2011-06-04,2018-09-22,34533,0,DA,1
238004,1,2645,2011-07-16,2018-10-12,34745,0,NO,0
3593,0,365,2017-10-09,2018-10-09,34776,0,HU,1
4834,0,378,2017-09-19,2018-10-02,34799,0,DA,1
24263,1,393,2017-09-14,2018-10-12,34864,0,HU,1
4567,1,394,2017-09-13,2018-10-12,35105,0,HU,1
2879,0,1621,2014-04-29,2018-10-06,35120,0,HU,0
22638,1,207,2018-03-19,2018-10-12,35769,0,NO,1
1871584,0,2422,2012-02-24,2018-10-12,35881,0,NO,0
3349,0,2485,2011-12-23,2018-10-12,36151,0,DA,1
16249,1,762,2016-09-09,2018-10-11,36895,0,DA,1
2351,0,893,2016-04-23,2018-10-03,37103,0,DA,1
543,0,78,2018-05-06,2018-07-23,37108,0,DA,0
4658,0,2118,2012-12-22,2018-10-10,37214,0,DA,0
8440,0,1637,2014-04-19,2018-10-12,37245,0,HU,0
580859,1,1164,2015-08-05,2018-10-12,37438,0,HU,0
2031,1,791,2016-08-11,2018-10-11,37509,0,DA,1
421000,0,2377,2012-04-09,2018-10-12,37535,0,DA,0
8355,0,2139,2012-12-03,2018-10-12,37824,0,DA,1
4120,1,1947,2013-06-12,2018-10-11,37837,0,HU,1
4479,0,1869,2013-08-30,2018-10-12,38066,0,HU,1
50551,0,1641,2014-04-15,2018-10-12,38377,0,DA,1
2500,0,1133,2015-08-16,2018-09-22,38384,0,HU,0
1964,0,1596,2014-05-20,2018-10-02,38397,0,NO,1
1377,1,1977,2013-05-05,2018-10-03,38581,0,DA,0
3601,1,1166,2015-08-03,2018-10-12,38928,0,NO,1
1932,1,1842,2013-09-21,2018-10-07,39184,0,HU,0
27309,1,1746,2013-12-30,2018-10-11,39215,0,NO,0
379266,1,2461,2012-01-16,2018-10-12,39592,0,DA,0
26349,0,2666,2011-06-24,2018-10-11,39796,0,DA,1
55890,1,1967,2013-05-24,2018-10-12,40041,0,DA,1
221418,0,2049,2013-03-03,2018-10-12,40194,0,NO,1
962,0,1840,2013-09-18,2018-10-02,40215,0,DA,0
1126,1,2405,2012-03-09,2018-10-09,40296,0,DA,1
4759,1,729,2016-10-13,2018-10-12,40336,0,HU,1
3857,1,1950,2013-02-27,2018-07-01,40414,1,NO,0
1844,1,2038,2013-03-12,2018-10-10,40689,0,HU,1
653877,0,2155,2012-11-17,2018-10-12,40811,0,DA,0
7193,1,590,2017-02-26,2018-10-09,40934,0,DA,1
7266,1,1421,2014-11-21,2018-10-12,41031,0,DA,1
5530,0,2410,2012-03-07,2018-10-12,41466,0,DA,0
9645,0,1336,2015-02-10,2018-10-08,41538,0,DA,1
5986,1,1145,2015-08-24,2018-10-12,41602,0,HU,0
508,1,1470,2014-10-03,2018-10-12,41933,0,HU,0
11612,0,483,2017-06-16,2018-10-12,41993,0,HU,1
74908,0,992,2016-01-24,2018-10-12,42021,0,HU,1
231357,1,1732,2014-01-14,2018-10-12,42221,0,NO,0
4212,0,1551,2014-07-01,2018-09-29,42338,0,NO,1
42819,0,1968,2013-05-23,2018-10-12,42570,0,NO,1
4362,1,1711,2013-12-26,2018-09-02,42756,0,NO,0
9020,1,2098,2013-01-13,2018-10-12,43021,0,NO,1
3570,0,2330,2012-03-11,2018-07-28,43257,0,DA,0
53168,0,2223,2012-09-10,2018-10-12,43369,0,DA,1
1841,0,545,2017-04-09,2018-10-06,43401,0,DA,0
4722,0,1394,2014-12-18,2018-10-12,43482,0,DA,1
15997,0,2814,2011-01-02,2018-09-16,43559,0,NO,0
16147,1,479,2017-06-20,2018-10-12,43615,0,DA,1
43655,0,2337,2012-05-19,2018-10-12,44129,0,HU,1
9084,0,2252,2012-08-12,2018-10-12,44238,0,DA,0
44975,1,1427,2014-11-15,2018-10-12,44398,0,DA,1
995,0,1135,2015-08-24,2018-10-02,44723,0,HU,0
16496,0,2443,2012-01-14,2018-09-22,44940,0,NO,0
3512,0,1291,2015-03-31,2018-10-12,45028,0,NO,1
1729,0,1276,2015-04-13,2018-10-10,45099,0,NO,0
641266,1,1346,2015-02-04,2018-10-12,45492,0,DA,0
4798,0,2188,2012-10-13,2018-10-10,45507,0,DA,1
3527,0,2029,2013-03-22,2018-10-11,45577,0,DA,0
2312,1,1100,2015-10-08,2018-10-12,45748,0,NO,1
2888,1,251,2018-02-03,2018-10-12,45892,0,HU,1
1674,0,2479,2011-12-28,2018-10-11,46029,0,NO,0
7088,1,408,2017-08-30,2018-10-12,46155,0,HU,1
99195,0,624,2017-01-26,2018-10-12,46301,0,HU,1
39361,0,1149,2015-08-20,2018-10-12,46323,0,DA,1
1014,0,1254,2015-04-24,2018-09-29,46403,0,HU,0
434,0,2288,2012-07-03,2018-10-08,46585,0,NO,0
495,0,2022,2013-03-13,2018-09-25,46730,0,NO,0
9881,0,1427,2014-09-26,2018-08-23,46861,0,HU,0
70414,1,1841,2013-09-27,2018-10-12,46944,0,HU,1
12185,0,1040,2015-12-04,2018-10-09,46966,0,HU,1
893853,1,2662,2011-06-28,2018-10-11,46972,0,DA,0
1788,0,2272,2012-06-08,2018-08-28,47336,0,NO,0
91054,0,2214,2012-09-19,2018-10-12,47456,0,DA,0
1667,0,1806,2013-10-26,2018-10-06,47485,0,HU,0
1660,0,201,2018-03-23,2018-10-10,47532,0,DA,0
56120,1,1294,2015-03-28,2018-10-12,47557,0,HU,1
499929,0,2328,2012-05-28,2018-10-12,48105,0,HU,0
7702,0,2014,2013-04-06,2018-10-11,48109,0,DA,1
988,0,1566,2014-04-03,2018-07-17,48170,0,HU,0
4852,1,1826,2013-10-10,2018-10-10,48177,0,NO,0
5955,0,1211,2015-06-19,2018-10-12,48196,0,NO,1
57589,1,3375,2009-07-15,2018-10-11,48303,0,NO,1
435,0,198,2018-03-22,2018-10-06,48346,0,DA,0
5090,0,1451,2014-10-08,2018-09-28,48748,0,NO,1
8664,1,1648,2014-04-07,2018-10-11,48810,0,DA,1
3263,0,234,2018-02-18,2018-10-10,48845,0,DA,1
19043,1,2679,2011-06-12,2018-10-12,48860,0,DA,1
5829,0,1793,2013-11-10,2018-10-08,48982,0,HU,1
9100,1,1192,2015-07-08,2018-10-12,49255,0,NO,1
2056264,0,2417,2012-02-29,2018-10-12,49444,0,HU,0
915,1,277,2018-01-06,2018-10-10,49731,0,HU,0
12742,0,2580,2011-09-18,2018-10-11,49779,0,NO,0
2066,0,1983,2013-04-21,2018-09-25,49858,0,HU,0
11989,0,2428,2012-01-07,2018-08-31,49875,0,DA,0
490,1,1265,2015-03-01,2018-08-17,49933,0,NO,0
1038,0,1965,2013-03-24,2018-08-10,49958,0,NO,0
10060,0,2016,2013-03-30,2018-10-06,49962,0,NO,0
1352,1,2031,2013-03-05,2018-09-26,50226,0,HU,0
4090,0,1415,2014-11-25,2018-10-10,50249,0,NO,0
16361,0,1385,2014-12-27,2018-10-12,50270,0,DA,1
16780,0,1689,2014-02-25,2018-10-11,50589,0,DA,1
212141,0,1773,2013-12-04,2018-10-12,50592,0,DA,0
914,0,237,2018-01-29,2018-09-23,50787,0,NO,0
176306,0,1701,2014-02-14,2018-10-12,50844,0,NO,0
11602,1,1175,2015-07-25,2018-10-12,51017,0,HU,1
13258,0,964,2016-02-21,2018-10-12,51020,0,DA,1
11035,0,3757,2008-06-29,2018-10-12,51258,0,DA,1
3647,0,1865,2013-08-28,2018-10-06,51384,0,HU,0
178208,0,2623,2011-08-07,2018-10-12,51429,0,DA,0
430,0,1670,2014-02-16,2018-09-13,51706,0,DA,0
477264,1,1882,2013-08-17,2018-10-12,51952,0,NO,0
1815,0,688,2016-11-23,2018-10-12,52590,0,HU,1
8725,0,1248,2015-05-12,2018-10-11,52845,0,NO,1
5725,0,941,2016-03-05,2018-10-02,53197,0,NO,1
2020,1,2010,2013-04-09,2018-10-10,53205,0,DA,0
1035,1,867,2016-05-28,2018-10-12,53343,0,HU,1
9695,0,1656,2014-03-31,2018-10-12,53392,0,HU,1
178599,1,2039,2013-03-13,2018-10-12,53395,0,HU,0
5567,0,506,2017-05-24,2018-10-12,53422,0,NO,1
138151,0,2311,2012-06-14,2018-10-12,53457,0,HU,0
123946,0,2317,2012-06-08,2018-10-12,53505,0,DA,1
9912,1,1201,2015-06-29,2018-10-12,53706,0,HU,1
3003586,0,3093,2010-04-24,2018-10-12,54065,0,DA,0
13434,1,1030,2015-12-17,2018-10-12,54106,0,DA,1
2099,1,1721,2014-01-03,2018-09-20,54167,0,HU,0
6612,0,2041,2013-03-08,2018-10-09,54304,0,DA,1
5841,1,1741,2014-01-05,2018-10-12,54342,0,NO,1
3665,0,1947,2013-06-03,2018-10-02,54530,0,DA,1
5417,1,2688,2011-06-03,2018-10-12,54575,0,NO,1
584,0,2197,2012-09-27,2018-10-03,54636,0,HU,0
1877,1,2025,2013-03-21,2018-10-06,55064,0,HU,0
651829,0,2358,2012-04-28,2018-10-12,55152,0,HU,0
21189,1,957,2016-02-26,2018-10-10,55268,0,HU,1
23408,1,982,2016-02-01,2018-10-10,55301,0,DA,1
1406,1,945,2016-02-21,2018-09-23,55351,0,HU,0
14699,1,938,2016-03-15,2018-10-09,55796,0,DA,1
7506,0,2756,2011-03-09,2018-09-24,55926,0,NO,0
10713,0,2462,2012-01-01,2018-09-28,56142,0,NO,0
134240,1,2471,2012-01-06,2018-10-12,56249,0,HU,1
5616,0,1596,2014-05-29,2018-10-11,56288,0,HU,1
1536,0,1936,2013-06-09,2018-09-27,56289,0,NO,1
9943,0,384,2017-09-22,2018-10-11,56299,0,DA,1
753,1,467,2017-06-29,2018-10-09,56304,0,HU,0
12453,1,1312,2015-03-08,2018-10-10,56460,0,DA,1
4322,1,1967,2013-05-24,2018-10-12,56515,0,NO,1
18874,1,969,2016-02-16,2018-10-12,56530,0,NO,1
10748,0,751,2016-09-16,2018-10-07,56583,0,DA,1
2275,1,2113,2012-12-26,2018-10-09,56737,0,NO,1
10417,1,709,2016-11-02,2018-10-12,56883,0,HU,1
3348,1,2283,2012-07-11,2018-10-11,56995,0,HU,0
2025,1,1994,2013-03-30,2018-09-14,57075,0,HU,0
5786,1,896,2016-04-29,2018-10-12,57308,0,HU,1
40176,0,2766,2011-03-09,2018-10-04,57343,0,DA,1
59709,0,1755,2013-12-22,2018-10-12,57377,0,HU,0
14040,1,2189,2012-10-14,2018-10-12,57516,0,NO,1
132383,0,1990,2013-05-01,2018-10-12,57834,0,DA,1
17428,0,2214,2012-09-19,2018-10-12,58085,0,DA,0
386,1,1670,2014-03-12,2018-10-07,58200,0,NO,0
39187,0,1493,2014-09-02,2018-10-04,58423,0,HU,0
14809,0,2318,2012-05-20,2018-09-24,58640,0,DA,1
566,0,816,2016-06-02,2018-08-27,58731,0,HU,0
8193,1,277,2018-01-08,2018-10-12,58789,0,NO,1
3217,0,2050,2013-02-21,2018-10-03,58840,0,NO,0
29244,1,1471,2014-10-02,2018-10-12,59178,0,DA,1
14940,1,1298,2015-03-24,2018-10-12,59251,0,DA,1
2872,0,1293,2015-03-25,2018-10-08,59336,0,DA,0
512,0,779,2016-08-04,2018-09-22,59440,0,DA,0
1064360,1,877,2016-05-18,2018-10-12,59573,0,HU,0
6924,0,867,2016-05-27,2018-10-11,59583,0,DA,1
7168,0,1647,2014-04-09,2018-10-12,60023,0,HU,1
4460,1,1071,2015-11-06,2018-10-12,60091,0,DA,1
4666,1,1532,2014-08-02,2018-10-12,60577,0,NO,0
3737,0,975,2016-02-06,2018-10-08,60662,0,DA,1
4242,1,2073,2013-02-03,2018-10-08,60750,0,NO,1
2535,1,1917,2013-06-21,2018-09-20,60753,0,NO,0
3288,0,2208,2012-09-25,2018-10-12,60969,0,NO,1
56548,0,1201,2015-06-28,2018-10-11,60976,0,DA,1
4678,1,2614,2011-08-13,2018-10-09,61062,0,NO,1
7247,0,1940,2013-06-20,2018-10-12,61146,0,DA,1
4223,0,2345,2012-03-20,2018-08-21,61572,0,HU,0
58175,1,2737,2011-04-15,2018-10-12,61656,0,DA,0
5379,0,2466,2012-01-11,2018-10-12,61667,0,DA,0
3417,0,1524,2014-08-04,2018-10-06,61706,0,NO,0
7701,1,1282,2015-03-30,2018-10-02,61951,0,DA,1
1435,0,2067,2013-02-08,2018-10-07,62114,0,HU,0
32969,0,1628,2014-04-27,2018-10-11,62402,0,HU,1
9472,0,704,2016-11-07,2018-10-12,62405,0,DA,1
8381,1,2529,2011-10-13,2018-09-15,62481,0,NO,0
1390,1,1585,2014-06-05,2018-10-07,62512,0,NO,0
2458,0,883,2016-05-05,2018-10-05,62518,0,DA,1
10645,0,2780,2011-03-03,2018-10-12,62534,0,NO,0
2402,1,2037,2013-03-15,2018-10-12,62693,0,DA,1
1272,0,620,2017-01-16,2018-09-28,62767,0,HU,0
7969,1,1937,2013-06-20,2018-10-09,62779,0,DA,1
11145,1,630,2017-01-16,2018-10-08,62807,0,HU,1
11832,1,1246,2015-05-15,2018-10-12,62910,0,DA,1
13822,1,1357,2015-01-24,2018-10-12,63023,0,DA,1
2655,0,1719,2014-01-27,2018-10-12,63122,0,NO,0
2021,0,2068,2013-01-06,2018-09-05,63151,0,DA,0
1157,0,2260,2012-07-25,2018-10-02,63293,0,HU,0
5113,0,2247,2012-08-10,2018-10-05,63481,0,DA,0
135266,1,1208,2015-06-21,2018-10-11,63650,0,DA,1
36989,0,1666,2014-03-21,2018-10-12,63771,0,DA,1
35108,1,1852,2013-09-13,2018-10-09,63799,0,DA,1
2709,0,2237,2012-07-24,2018-09-08,63816,0,HU,0
877,0,2539,2011-10-30,2018-10-12,63861,0,NO,0
8809,0,1605,2014-05-21,2018-10-12,64056,0,NO,1
11236,1,1189,2015-07-11,2018-10-12,64227,0,NO,1
4781,0,1983,2013-05-07,2018-10-11,64284,0,NO,0
4061,0,2450,2012-01-25,2018-10-10,64422,0,DA,0
82590,1,2022,2013-03-30,2018-10-12,64534,0,HU,1
17851,1,1662,2014-03-25,2018-10-12,64642,0,NO,1
18270,1,2655,2011-07-06,2018-10-12,64774,0,NO,1
5359,0,1328,2015-02-22,2018-10-12,64790,0,NO,1
2348,0,1266,2015-04-21,2018-10-08,64844,0,DA,1
1914,1,1904,2013-07-23,2018-10-09,64908,0,HU,0
3533,1,1348,2015-01-05,2018-09-14,64960,0,NO,1
10301,1,2165,2012-11-07,2018-10-12,65019,0,NO,1
88168,1,2382,2012-04-04,2018-10-12,65034,0,HU,0
57863,1,2251,2012-08-13,2018-10-12,65098,0,HU,1
4561,1,2743,2011-04-05,2018-10-08,65288,0,NO,0
1915,1,219,2018-03-01,2018-10-06,65957,0,NO,1
272026,0,2625,2011-08-05,2018-10-12,66034,0,DA,0
2543,0,1110,2015-09-21,2018-10-05,66116,0,DA,1
12371,1,2387,2012-03-29,2018-10-11,66738,0,DA,0
107767,1,761,2016-09-11,2018-10-12,66838,0,DA,1
7193,0,2276,2012-07-15,2018-10-08,67073,0,DA,1
19903,1,1478,2014-09-24,2018-10-11,67257,0,DA,1
2189,1,975,2016-02-08,2018-10-10,67580,0,NO,1
190126,0,2072,2013-02-08,2018-10-12,67856,0,DA,1
2003,1,1518,2014-08-16,2018-10-12,67942,0,DA,0
11222,1,2626,2011-08-02,2018-10-10,68056,0,DA,1
4606,1,1876,2013-08-23,2018-10-12,68058,0,NO,1
1950,0,881,2016-05-14,2018-10-12,68291,0,DA,0
103286,0,1328,2015-02-22,2018-10-12,68510,0,HU,0
494,0,1864,2013-04-30,2018-06-07,68704,1,HU,0
13799,1,1923,2013-07-05,2018-10-10,69043,0,DA,1
10836,1,620,2017-01-30,2018-10-12,69116,0,NO,1
20019,1,741,2016-10-01,2018-10-12,69356,0,HU,1
1119,1,105,2018-02-19,2018-06-04,69371,1,DA,0
5992,1,1255,2015-03-20,2018-08-26,69510,0,HU,0
3670,0,1780,2013-10-30,2018-09-14,69530,0,HU,0
2880,0,1639,2014-04-13,2018-10-08,69560,0,HU,0
861,0,1613,2014-04-19,2018-09-18,69691,0,HU,0
6996,0,979,2016-02-06,2018-10-12,69729,0,DA,1
63575,1,829,2016-07-05,2018-10-12,69815,0,HU,1
13388,0,2482,2011-12-25,2018-10-11,69946,0,NO,1
13597,0,2115,2012-11-16,2018-09-01,70031,0,NO,0
7763,0,1858,2013-09-10,2018-10-12,70294,0,DA,1
11450,0,2150,2012-11-22,2018-10-12,70453,0,DA,1
4703,1,461,2017-07-02,2018-10-06,70765,0,HU,1
1724,1,975,2016-01-23,2018-09-24,70824,0,HU,0
6203,1,225,2018-02-28,2018-10-11,70959,0,DA,1
1711,1,2315,2012-06-09,2018-10-11,71041,0,NO,0
10272,1,2127,2012-12-06,2018-10-03,71134,0,DA,1
1043,1,2101,2012-12-31,2018-10-02,71152,0,HU,0
70111,1,2093,2013-01-18,2018-10-12,71304,0,HU,0
48421,1,2219,2012-09-14,2018-10-12,71361,0,DA,1
20863,1,1377,2015-01-04,2018-10-12,71539,0,NO,1
407,1,1627,2014-04-24,2018-10-07,71690,0,DA,0
2442,0,2592,2011-09-04,2018-10-09,71825,0,HU,0
10092,0,1224,2015-06-06,2018-10-12,71951,0,HU,1
10799,0,3283,2009-10-16,2018-10-12,71971,0,NO,0
2504,0,2049,2013-03-02,2018-10-11,72225,0,NO,0
891,0,417,2017-07-22,2018-09-12,72440,0,DA,0
5838,0,1916,2013-07-12,2018-10-10,72506,0,DA,1
4085,1,1212,2015-06-18,2018-10-12,72521,0,DA,1
14515,1,1355,2015-01-26,2018-10-12,72762,0,NO,1
4400,0,544,2017-04-16,2018-10-12,72773,0,DA,1
3952,1,1995,2013-04-21,2018-10-07,73143,0,DA,0
27697,1,1159,2015-08-10,2018-10-12,73592,0,NO,1
6539,1,1945,2013-06-15,2018-10-12,73737,0,HU,1
26803,0,3183,2010-01-20,2018-10-08,74126,0,NO,0
308061,0,2579,2011-09-20,2018-10-12,74457,0,NO,0
1378,1,1782,2013-11-24,2018-10-11,74498,0,HU,0
29587,1,1100,2015-10-08,2018-10-12,74573,0,HU,1
50476,0,1019,2015-12-28,2018-10-12,75037,0,DA,1
64492,1,1468,2014-10-05,2018-10-12,75326,0,NO,1
8387,1,1044,2015-12-02,2018-10-11,75461,0,DA,0
2260,0,2036,2013-03-15,2018-10-11,75554,0,DA,0
196564,0,1655,2014-03-31,2018-10-11,75594,0,HU,1
1059,0,1558,2014-04-07,2018-07-13,75673,0,NO,0
1475,0,2414,2012-03-01,2018-10-10,75872,0,NO,0
13270,1,1414,2014-11-28,2018-10-12,75930,0,DA,1
5048,0,722,2016-10-20,2018-10-12,75952,0,DA,1
645,0,1007,2016-01-02,2018-10-05,76105,0,DA,0
6693,1,1711,2014-02-04,2018-10-12,76423,0,NO,0
2429,1,1846,2013-09-22,2018-10-12,76444,0,DA,0
696209,0,1240,2015-05-21,2018-10-12,76660,0,DA,0
68908,1,1941,2013-06-18,2018-10-11,76672,0,HU,1
671538,1,2666,2011-06-25,2018-10-12,76749,0,DA,0
8484,1,2500,2011-12-08,2018-10-12,76780,0,HU,1
4273,0,288,2017-12-28,2018-10-12,76832,0,DA,1
254404,1,2332,2012-05-23,2018-10-11,76980,0,HU,0
10118,1,2091,2012-12-11,2018-09-02,77776,0,DA,0
18995,0,2791,2011-02-15,2018-10-07,78218,0,DA,1
2225,1,1775,2013-09-13,2018-07-24,78353,0,DA,0
18002,1,1123,2015-09-07,2018-10-04,78606,0,DA,1
25312,0,2154,2012-11-17,2018-10-11,78766,0,HU,1
75392,1,1317,2015-03-05,2018-10-12,78861,0,HU,1
4264,1,1275,2015-04-15,2018-10-11,79041,0,DA,1
28811,0,842,2016-06-22,2018-10-12,79044,0,HU,1
39372,1,875,2016-05-19,2018-10-11,79227,0,NO,1
20381,0,1889,2013-07-28,2018-09-29,79296,0,DA,1
42083,0,1495,2014-09-08,2018-10-12,79678,0,NO,1
9904,1,998,2016-01-15,2018-10-09,79706,0,DA,1
22366,0,599,2017-02-20,2018-10-12,79902,0,NO,1
27114,0,2401,2012-03-11,2018-10-07,80107,0,HU,0
81657,1,2765,2011-03-17,2018-10-11,80108,0,DA,0
37038,1,1342,2015-02-08,2018-10-12,80305,0,HU,1
25606,0,736,2016-10-06,2018-10-12,80557,0,NO,1
64,0,635,2016-10-17,2018-07-14,80722,0,HU,0
1541,0,1896,2013-07-28,2018-10-06,80896,0,NO,0
84575,1,1478,2014-09-25,2018-10-12,80915,0,DA,1
1233,1,295,2017-12-18,2018-10-09,81216,0,HU,1
14408,1,1332,2015-02-16,2018-10-10,81277,0,NO,1
10911,0,2294,2012-06-29,2018-10-10,81431,0,NO,1
680,0,518,2017-04-29,2018-09-29,81539,0,DA,0
8201,1,1839,2013-09-11,2018-09-24,81638,0,DA,0
1653,0,1941,2013-06-14,2018-10-07,81705,0,DA,1
1196,1,1709,2014-02-06,2018-10-12,81771,0,DA,0
6575,1,1121,2015-09-17,2018-10-12,81852,0,NO,0
3267,0,1775,2013-04-12,2018-02-20,81889,1,HU,0
1641,0,1841,2013-09-27,2018-10-12,82100,0,HU,0
2822,0,864,2016-05-30,2018-10-11,82102,0,DA,0
1222,0,503,2017-04-22,2018-09-07,82292,0,DA,1
5600,0,660,2016-12-21,2018-10-12,82308,0,DA,0
4991,0,860,2016-05-27,2018-10-04,82319,0,DA,1
1555,0,217,2018-02-27,2018-10-02,82513,0,DA,0
40539,0,2743,2011-04-06,2018-10-09,82581,0,NO,1
974,1,1451,2014-08-21,2018-08-11,82615,0,DA,0
42907,0,1868,2013-08-15,2018-09-26,82681,0,HU,0
1049,1,2015,2013-02-19,2018-08-27,82729,0,DA,0
1644,0,653,2016-12-26,2018-10-10,82736,0,NO,1
4365,1,2724,2011-04-24,2018-10-08,83149,0,NO,0
5483,0,2204,2012-09-26,2018-10-09,83166,0,HU,0
6112,0,2381,2012-04-03,2018-10-10,83316,0,NO,1
23744,0,2052,2013-02-27,2018-10-11,83441,0,NO,1
8615,0,715,2016-10-27,2018-10-12,83670,0,DA,1
13648,0,2574,2011-09-25,2018-10-12,83688,0,HU,1
2391,0,1006,2016-01-06,2018-10-08,84217,0,HU,1
2111,1,2744,2011-02-23,2018-08-29,84264,0,NO,0
24207,1,2151,2012-11-21,2018-10-12,84267,0,NO,1
5232,1,1607,2014-05-19,2018-10-12,84412,0,DA,1
57270,0,1053,2015-11-24,2018-10-12,84448,0,DA,1
3079,1,879,2016-05-13,2018-10-09,84657,0,DA,1
4124,1,1180,2015-07-19,2018-10-11,84695,0,NO,1
11386,1,1569,2014-06-24,2018-10-10,84708,0,NO,1
2086,0,926,2016-03-24,2018-10-06,84727,0,NO,0
41951,0,929,2016-03-26,2018-10-11,84816,0,DA,1
64982,0,1644,2014-04-10,2018-10-10,84948,0,HU,0
20624,0,2332,2012-05-24,2018-10-12,85031,0,DA,1
30077,0,1911,2013-07-04,2018-09-27,85053,0,DA,1
92854,1,942,2016-03-14,2018-10-12,85135,0,NO,1
2093,0,1411,2014-11-29,2018-10-10,85146,0,HU,0
348328,0,835,2016-06-29,2018-10-12,85223,0,DA,1
5032,1,1407,2014-12-05,2018-10-12,85399,0,NO,1
7042,1,1683,2014-03-04,2018-10-12,85422,0,NO,1
16769,1,337,2017-11-09,2018-10-12,85456,0,NO,1
1285991,0,731,2016-10-11,2018-10-12,85502,0,HU,0
11620,0,2603,2011-08-27,2018-10-12,85667,0,HU,0
14398,0,1251,2015-05-09,2018-10-11,85761,0,NO,0
16946,1,2526,2011-11-12,2018-10-12,85793,0,NO,1
722,0,1313,2015-02-28,2018-10-03,85984,0,DA,0
542264,0,1195,2015-07-05,2018-10-12,86114,0,NO,0
46359,1,1741,2014-01-05,2018-10-12,86351,0,DA,1
2268,0,1819,2013-10-19,2018-10-12,86388,0,HU,0
87647,1,1383,2014-12-29,2018-10-12,86609,0,HU,1
21269,1,1841,2013-09-27,2018-10-12,86617,0,HU,1
2496,1,1534,2014-05-20,2018-08-01,86828,0,DA,0
1694668,0,1281,2015-04-10,2018-10-12,86897,0,NO,0
1724,1,2110,2012-12-27,2018-10-07,86931,0,HU,0
84361,0,1903,2013-07-27,2018-10-12,87059,0,NO,1
18064,0,1727,2014-01-19,2018-10-12,87104,0,DA,1
3166,0,1976,2013-05-12,2018-10-09,87362,0,DA,0
5477,0,2438,2012-02-07,2018-10-11,87388,0,HU,0
1967,0,932,2016-03-24,2018-10-12,87682,0,HU,0
1793,0,1765,2013-12-12,2018-10-12,87799,0,HU,0
6386,1,3246,2009-11-22,2018-10-12,87819,0,DA,1
8057,0,2356,2012-04-29,2018-10-11,88138,0,HU,0
1254539,1,1152,2015-08-17,2018-10-12,88196,0,HU,0
15680,1,2699,2011-05-21,2018-10-10,88796,0,DA,0
16520,1,2549,2011-09-28,2018-09-20,88833,0,HU,0
4128,0,2127,2012-12-06,2018-10-03,88856,0,DA,0
12099,1,1772,2013-12-01,2018-10-08,88917,0,NO,0
18454,0,1514,2014-07-24,2018-09-15,89078,0,DA,0
8375,0,2235,2012-08-29,2018-10-12,89370,0,DA,1
3990,0,1721,2014-01-25,2018-10-12,89375,0,NO,1
354,0,1285,2015-03-30,2018-10-05,89604,0,DA,0
5982,0,1441,2014-11-01,2018-10-12,89665,0,HU,0
6015,1,2071,2013-02-09,2018-10-12,89722,0,NO,0
4469,0,2021,2013-03-30,2018-10-11,89774,0,NO,0
26484,0,555,2017-04-05,2018-10-12,89798,0,HU,1
1935,1,1719,2014-01-16,2018-10-01,90165,0,NO,0
482414,1,2556,2011-10-13,2018-10-12,90315,0,DA,0
16155,1,2371,2012-04-11,2018-10-08,90380,0,NO,1
16602,1,957,2016-02-28,2018-10-12,90422,0,DA,1
4067,0,800,2016-08-03,2018-10-12,90506,0,DA,1
8791,0,2373,2012-04-10,2018-10-09,90720,0,NO,1
16182,0,1227,2015-06-03,2018-10-12,90733,0,NO,1
5455,0,708,2016-10-21,2018-09-29,90885,0,HU,1
15811,0,931,2016-03-25,2018-10-12,90994,0,HU,1
480,0,1948,2013-06-10,2018-10-10,91104,0,NO,0
9747,0,1902,2013-07-24,2018-10-08,91462,0,DA,1
82628,1,1770,2013-12-07,2018-10-12,91741,0,DA,1
2340180,0,1562,2014-07-03,2018-10-12,91877,0,DA,0
3625,1,939,2016-03-17,2018-10-12,91880,0,DA,1
6220,1,969,2016-02-16,2018-10-12,92079,0,DA,1
2865,0,1618,2014-05-03,2018-10-07,92084,0,NO,0
41929,1,1520,2014-08-13,2018-10-11,92263,0,HU,1
5005,0,801,2016-08-01,2018-10-11,92357,0,HU,0
2327,1,2046,2013-02-12,2018-09-20,92444,0,NO,0
1964,1,1477,2014-09-26,2018-10-12,92704,0,NO,1
84118,1,2580,2011-09-19,2018-10-12,92705,0,DA,1
17324,0,1266,2015-04-25,2018-10-12,92753,0,HU,0
105166,1,1099,2015-10-09,2018-10-12,92883,0,HU,0
221137,0,1948,2013-06-12,2018-10-12,93005,0,HU,0
885,1,1575,2014-06-13,2018-10-05,93133,0,NO,0
14856,1,1876,2013-08-22,2018-10-11,93150,0,NO,1
766,0,1978,2013-03-19,2018-08-18,93199,0,DA,0
25497,1,2355,2012-05-01,2018-10-12,93402,0,NO,1
10860,0,1787,2013-11-07,2018-09-29,93559,0,DA,0
14173,1,2031,2013-03-20,2018-10-11,93913,0,DA,1
35487,0,326,2017-11-19,2018-10-11,94071,0,DA,1
30169,0,732,2016-10-10,2018-10-12,94249,0,DA,1
2630,0,1309,2015-03-12,2018-10-11,94272,0,DA,0
16131,1,2518,2011-10-28,2018-09-19,94317,0,DA,1
84611,0,2532,2011-11-06,2018-10-12,94425,0,HU,0
22499,1,498,2017-06-01,2018-10-12,94427,0,NO,1
55654,1,962,2016-02-20,2018-10-09,94653,0,HU,1
2069,0,2083,2013-01-01,2018-09-15,94656,0,DA,1
2030,0,393,2017-09-11,2018-10-09,94844,0,NO,1
63197,0,2107,2013-01-04,2018-10-12,94926,0,DA,1
3940,0,2167,2012-11-05,2018-10-12,95262,0,DA,1
3715339,0,1830,2013-10-08,2018-10-12,95426,0,DA,0
1683,0,191,2018-02-22,2018-09-01,95783,0,HU,0
3388,0,963,2016-02-22,2018-10-12,96095,0,HU,1
348224,0,2492,2011-12-16,2018-10-12,96278,0,DA,1
36281,1,1749,2013-12-26,2018-10-10,96388,0,DA,0
5381,0,1170,2015-07-30,2018-10-12,96459,0,NO,1
69263,1,1548,2014-07-15,2018-10-10,96553,0,NO,1
4539,0,1763,2013-12-13,2018-10-11,96589,0,DA,1
13830,0,1433,2014-11-09,2018-10-12,96736,0,HU,0
18621,1,757,2016-09-10,2018-10-07,96748,0,DA,1
1015,0,1046,2015-11-21,2018-10-02,97127,0,DA,0
7760,0,877,2016-05-18,2018-10-12,97163,0,DA,0
4813,0,754,2016-09-18,2018-10-12,97215,0,HU,1
8887,0,806,2016-07-27,2018-10-11,97231,0,NO,1
4562,0,877,2016-05-18,2018-10-12,97377,0,NO,1
2595,0,1264,2015-04-03,2018-09-18,97453,0,NO,0
103250,1,1085,2015-10-23,2018-10-12,97783,0,DA,1
10582,1,1432,2014-11-09,2018-10-11,97784,0,DA,1
10800,1,423,2017-08-15,2018-10-12,97788,0,HU,1
33292,0,945,2016-03-09,2018-10-10,97901,0,DA,1
5475,0,2356,2012-04-25,2018-10-07,98024,0,HU,0
1570,0,396,2017-09-11,2018-10-12,98085,0,NO,0
2325,1,478,2017-06-21,2018-10-12,98163,0,HU,1
46657,0,741,2016-10-01,2018-10-12,98330,0,HU,1
22835,1,2251,2012-08-13,2018-10-12,98350,0,HU,0
14960,0,672,2016-12-09,2018-10-12,98354,0,DA,1
7202,0,1028,2015-12-19,2018-10-12,98487,0,HU,1
4696,0,1102,2015-10-03,2018-10-09,98637,0,NO,0
1192018,0,1769,2013-12-08,2018-10-12,98640,0,HU,0
506387,1,2507,2011-12-01,2018-10-12,98839,0,NO,0
2890,0,1393,2014-12-18,2018-10-11,98944,0,DA,1
8771,1,2606,2011-06-19,2018-08-07,98970,0,DA,1
5263,0,1594,2014-05-31,2018-10-11,99112,0,DA,1
34975,0,2787,2011-02-23,2018-10-11,99238,0,NO,1
3758,0,1001,2016-01-13,2018-10-10,99497,0,NO,0
1788,0,267,2018-01-17,2018-10-11,99579,0,HU,1
18117,1,2055,2013-02-24,2018-10-11,99647,0,HU,0
5022,1,2122,2012-12-20,2018-10-12,99675,0,DA,1
51846,1,1952,2013-06-08,2018-10-12,99687,0,DA,1
6065,0,744,2016-09-16,2018-09-30,99755,0,DA,1
1678,0,827,2016-06-25,2018-09-30,99781,0,NO,1
21917,0,1118,2015-09-20,2018-10-12,99804,0,DA,1
2739,1,1684,2014-03-03,2018-10-12,99944,0,DA,1
10965,1,1703,2014-02-11,2018-10-11,99945,0,NO,0
11666,1,2408,2012-03-04,2018-10-07,100024,0,DA,0
12619,0,484,2017-06-15,2018-10-12,100202,0,NO,1
4916,1,1492,2014-09-10,2018-10-11,100367,0,DA,0
22261,0,482,2017-06-17,2018-10-12,100405,0,DA,1
27217,1,625,2017-01-24,2018-10-11,100412,0,NO,1
34396,0,1231,2015-05-30,2018-10-12,100518,0,HU,1
14432,1,2291,2012-07-04,2018-10-12,100625,0,HU,0
4127,1,1061,2015-11-15,2018-10-11,100743,0,HU,1
5500,0,319,2017-11-27,2018-10-12,100812,0,NO,1
16626,0,681,2016-11-30,2018-10-12,100999,0,DA,1
2176,0,1225,2015-06-05,2018-10-12,101161,0,HU,0
50846,1,1560,2014-07-04,2018-10-11,101320,0,DA,1
7418,0,506,2017-05-23,2018-10-11,101506,0,NO,1
5867,1,1079,2015-10-29,2018-10-12,101853,0,HU,1
3673,0,392,2017-09-15,2018-10-12,102149,0,DA,1
1927476,0,2578,2011-09-21,2018-10-12,102194,0,HU,0
2240,1,1195,2013-07-28,2016-11-04,102215,1,DA,0
28388,0,1564,2014-07-01,2018-10-12,102691,0,DA,0
2238,1,1556,2014-06-26,2018-09-29,102776,0,HU,0
4573,0,1762,2013-11-24,2018-09-21,102931,0,NO,0
194181,1,1356,2015-01-25,2018-10-12,103055,0,HU,1
18650,0,1666,2014-03-21,2018-10-12,103365,0,HU,1
18706,1,697,2016-11-14,2018-10-12,103605,0,HU,1
4904,0,863,2016-05-28,2018-10-08,103740,0,HU,1
2289,0,1127,2015-09-08,2018-10-09,103741,0,DA,0
5255,1,455,2017-07-14,2018-10-12,103760,0,HU,0
6878,1,618,2017-02-01,2018-10-12,103941,0,DA,1
1668,0,334,2017-11-12,2018-10-12,103980,0,NO,1
1001980,0,2499,2011-12-09,2018-10-12,103990,0,DA,0
15938,0,1274,2015-04-14,2018-10-09,104034,0,DA,1
2674,0,1189,2015-07-06,2018-10-07,104134,0,HU,0
4577,0,2244,2012-08-17,2018-10-09,104155,0,DA,1
734,1,1808,2013-10-27,2018-10-09,104269,0,HU,0
15254,1,1985,2013-05-06,2018-10-12,104324,0,HU,0
6635,1,347,2017-10-30,2018-10-12,104341,0,HU,1
84023,1,1555,2014-07-10,2018-10-12,104518,0,DA,1
3167,1,1653,2014-04-03,2018-10-12,104549,0,NO,1
7505,0,2626,2011-07-16,2018-09-23,104577,0,NO,0
22946,0,2017,2013-04-03,2018-10-11,104613,0,NO,1
162709,1,1055,2015-11-22,2018-10-12,104620,0,DA,1
838,1,1302,2014-09-09,2018-04-03,104860,1,NO,0
1163,0,1813,2013-10-25,2018-10-12,104936,0,HU,0
3850,0,2225,2012-08-30,2018-10-03,105332,0,HU,0
3391,0,752,2016-09-20,2018-10-12,105497,0,HU,0
69117,1,1230,2015-05-31,2018-10-12,105784,0,HU,1
1734,1,1837,2013-09-24,2018-10-05,106040,0,DA,0
16963,0,1201,2015-06-29,2018-10-12,106078,0,HU,1
161040,0,2245,2012-08-19,2018-10-12,106313,0,HU,0
6915,0,1612,2014-05-14,2018-10-12,106425,0,HU,0
1628041,1,2068,2013-02-12,2018-10-12,106608,0,HU,0
224281,0,2032,2013-03-20,2018-10-12,106698,0,HU,0
3169,0,1859,2013-09-09,2018-10-12,106837,0,HU,1
11146,0,1801,2013-11-04,2018-10-10,107003,0,NO,1
32216,1,2615,2011-08-15,2018-10-12,107028,0,HU,1
4367,0,1253,2015-05-07,2018-10-11,107095,0,NO,1
83945,0,1525,2014-08-09,2018-10-12,107220,0,DA,1
1207,1,684,2016-11-27,2018-10-12,107354,0,NO,0
2985,0,1961,2013-05-29,2018-10-11,107384,0,DA,0
1924,1,1878,2013-08-21,2018-10-12,107538,0,HU,0
14224,1,1841,2013-09-27,2018-10-12,107858,0,HU,1
4778,1,1172,2015-07-27,2018-10-11,107901,0,DA,1
7889,0,605,2017-02-14,2018-10-12,107980,0,HU,1
2996,1,1255,2015-05-06,2018-10-12,108090,0,HU,1
1831,0,1529,2014-08-03,2018-10-10,108101,0,NO,1
2890,1,1220,2015-06-10,2018-10-12,108383,0,DA,1
2934,0,607,2017-02-12,2018-10-12,108416,0,DA,1
54529,1,441,2017-07-28,2018-10-12,108523,0,HU,1
39079,1,2323,2012-05-29,2018-10-08,108566,0,NO,1
280658,0,442,2017-07-27,2018-10-12,108839,0,HU,0
2884,0,2083,2013-01-27,2018-10-11,108851,0,HU,1
5845,0,1937,2013-06-21,2018-10-10,108862,0,DA,0
16256,1,1775,2013-12-02,2018-10-12,109007,0,HU,0
9590,1,1974,2013-05-17,2018-10-12,109107,0,DA,0
8599,1,622,2017-01-24,2018-10-08,109219,0,DA,1
3321,1,483,2017-06-15,2018-10-11,109255,0,DA,1
2899,0,2107,2013-01-04,2018-10-12,109296,0,NO,1
6914,1,1374,2015-01-06,2018-10-11,109412,0,DA,0
5282,1,370,2017-10-06,2018-10-11,109629,0,HU,1
9170,1,2788,2011-02-23,2018-10-12,109768,0,DA,1
3206,0,660,2016-12-20,2018-10-11,109878,0,NO,1
4087,0,1865,2013-08-31,2018-10-09,110156,0,NO,0
4356,1,800,2016-08-03,2018-10-12,110210,0,HU,0
1279,0,2829,2011-01-09,2018-10-08,110371,0,NO,0
57812,0,2211,2012-09-20,2018-10-10,110375,0,DA,1
668,0,1000,2015-11-21,2018-08-17,110441,0,DA,0
946,0,1933,2013-06-20,2018-10-05,110623,0,NO,0
1405,0,2907,2010-10-22,2018-10-07,110946,0,NO,0
2498,1,1737,2014-01-08,2018-10-11,110957,0,DA,1
18596,0,2191,2012-10-12,2018-10-12,111024,0,HU,0
8014,1,2734,2011-02-27,2018-08-23,111087,0,HU,0
5884,0,1619,2014-05-07,2018-10-12,111153,0,NO,1
2964,0,2499,2011-12-06,2018-10-09,111325,0,HU,0
529,1,2005,2013-03-25,2018-09-20,111448,0,HU,0
9625,1,678,2016-12-01,2018-10-10,111589,0,HU,0
71052,0,2112,2012-12-30,2018-10-12,111678,0,DA,1
74571,0,584,2017-03-07,2018-10-12,112045,0,DA,1
940,0,2330,2012-05-15,2018-10-01,112113,0,NO,0
68107,0,2322,2012-05-28,2018-10-06,112120,0,HU,0
2604,0,917,2016-04-06,2018-10-10,112137,0,DA,1
8457,0,2904,2010-10-30,2018-10-12,112593,0,NO,1
1550,0,419,2017-07-14,2018-09-06,112781,0,HU,0
491949,1,1500,2014-09-03,2018-10-12,113146,0,NO,0
17315463,1,1594,2014-06-01,2018-10-12,113197,0,HU,0
4257,0,446,2017-07-16,2018-10-05,113273,0,DA,1
12272,1,651,2016-12-30,2018-10-12,113438,0,DA,1
14579,1,2282,2012-07-13,2018-10-12,113533,0,DA,1
41203,1,1336,2015-02-14,2018-10-12,113536,0,HU,1
2256,0,1521,2014-08-09,2018-10-08,113595,0,NO,0
17749,0,1003,2016-01-13,2018-10-12,113600,0,NO,1
18720,1,1200,2015-06-21,2018-10-03,113871,0,DA,1
10583,0,636,2017-01-14,2018-10-12,113874,0,NO,1
4465,0,1789,2013-10-05,2018-08-29,114629,0,NO,0
53268,0,1194,2015-07-05,2018-10-11,114665,0,NO,1
671,0,1394,2013-10-16,2017-08-10,114680,1,DA,0
1970985,0,2262,2012-08-02,2018-10-12,114744,0,DA,0
42325,0,1536,2014-07-29,2018-10-12,114801,0,HU,1
21401,0,650,2016-12-31,2018-10-12,115070,0,NO,1
1605,1,1653,2014-02-15,2018-08-26,115211,0,NO,0
1869,1,1689,2014-02-14,2018-09-30,115418,0,NO,0
5801,0,2105,2013-01-04,2018-10-10,115461,0,DA,1
4602,1,1597,2014-05-29,2018-10-12,115561,0,DA,0
2928,0,774,2016-08-28,2018-10-11,115779,0,NO,1
9465,0,2048,2013-03-03,2018-10-11,115984,0,NO,0
29239,1,847,2016-06-17,2018-10-12,116037,0,DA,1
3314,0,1277,2015-04-14,2018-10-12,116236,0,NO,0
16497,1,2316,2012-06-09,2018-10-12,116273,0,DA,1
757203,0,2045,2013-03-07,2018-10-12,116462,0,HU,0
1447,1,1822,2013-08-07,2018-08-03,116467,0,NO,0
379731,1,996,2016-01-20,2018-10-12,116724,0,HU,0
5991,1,1528,2014-08-06,2018-10-12,116742,0,HU,1
75499,1,1569,2014-06-26,2018-10-12,117018,0,DA,0
610,1,1862,2013-08-30,2018-10-05,117073,0,NO,0
2365,0,2086,2013-01-24,2018-10-11,117079,0,HU,1
6390,1,2396,2012-03-21,2018-10-12,117136,0,NO,0
2644,0,1205,2015-06-25,2018-10-12,117240,0,HU,1
4876,0,2574,2011-09-24,2018-10-11,117530,0,HU,0
3814,1,955,2016-03-01,2018-10-12,117650,0,HU,1
6025,1,2515,2011-11-17,2018-10-06,118205,0,NO,0
2794,0,220,2018-02-01,2018-09-09,118319,0,HU,1
8973,0,838,2016-06-26,2018-10-12,118445,0,HU,0
111327,0,3330,2009-07-09,2018-08-21,118453,0,HU,0
5999,1,913,2016-04-10,2018-10-10,118538,0,HU,1
2857,0,1914,2013-07-16,2018-10-12,118724,0,DA,0
8892,1,1988,2013-05-03,2018-10-12,118725,0,DA,1
516,1,1486,2014-09-16,2018-10-11,118746,0,HU,0
879,1,1665,2014-03-22,2018-10-12,118815,0,DA,0
38672,1,3687,2008-09-04,2018-10-09,118912,0,NO,1
15123,0,3092,2010-04-24,2018-10-11,119004,0,DA,0
17547,1,3246,2009-11-22,2018-10-12,119062,0,DA,1
2253,0,479,2017-06-17,2018-10-09,119147,0,DA,1
227,0,250,2018-01-08,2018-09-15,119420,0,DA,0
9033,1,1146,2015-08-23,2018-10-12,119449,0,HU,1
1596,0,3457,2009-04-25,2018-10-12,119490,0,HU,0
859,1,914,2016-02-08,2018-08-10,119852,0,DA,0
714,0,2013,2012-11-07,2018-05-13,119915,1,HU,0
164542,0,2042,2013-03-10,2018-10-12,120017,0,HU,0
6180,0,2895,2010-11-08,2018-10-12,120248,0,HU,0
9728,0,2736,2011-04-15,2018-10-11,120283,0,DA,0
92004,0,2023,2013-03-29,2018-10-12,120320,0,NO,1
1227,0,1472,2014-09-28,2018-10-09,120476,0,HU,1
23002,1,1012,2016-01-04,2018-10-12,120557,0,NO,1
120640,1,1889,2013-08-10,2018-10-12,120569,0,HU,1
14002,1,2519,2011-11-12,2018-10-05,120661,0,NO,1
1592,1,515,2017-05-10,2018-10-07,120955,0,HU,0
7234,0,1285,2015-04-04,2018-10-10,121025,0,NO,1
1254,0,2069,2012-12-04,2018-08-04,121040,0,NO,0
170162,1,1077,2015-10-31,2018-10-12,121081,0,HU,1
5773,1,1913,2013-07-17,2018-10-12,121305,0,DA,1
6139,0,1336,2015-02-14,2018-10-12,121344,0,HU,1
166399,1,1524,2014-08-10,2018-10-12,121436,0,HU,1
18469,0,1147,2015-08-22,2018-10-12,121980,0,NO,1
55789,0,2137,2012-12-05,2018-10-12,122166,0,HU,0
661140,0,2548,2011-10-21,2018-10-12,122239,0,HU,0
3420351,0,1695,2014-02-20,2018-10-12,122329,0,DA,0
252809,1,1653,2014-04-03,2018-10-12,122596,0,DA,0
26639,0,1925,2013-07-05,2018-10-12,122786,0,HU,1
5034,0,1298,2015-03-23,2018-10-11,122855,0,DA,0
4530,0,2326,2012-05-18,2018-09-30,122961,0,HU,1
2174,1,2020,2013-03-31,2018-10-11,122987,0,NO,0
5723,1,1783,2013-11-17,2018-10-05,123190,0,HU,0
11036,0,2392,2012-03-25,2018-10-12,123221,0,HU,1
1324061,0,2031,2013-03-21,2018-10-12,123257,0,HU,0
1575,1,1635,2014-04-16,2018-10-07,123569,0,NO,0
5578,0,2584,2011-09-10,2018-10-07,123588,0,HU,0
991,0,920,2016-03-31,2018-10-07,123749,0,DA,0
9339,0,1278,2015-04-13,2018-10-12,123793,0,DA,1
3933,0,2542,2011-10-21,2018-10-06,123801,0,NO,0
4948,0,2002,2013-04-16,2018-10-09,123827,0,NO,0
12324,1,1388,2014-12-24,2018-10-12,123988,0,HU,1
40403,1,2120,2012-12-21,2018-10-11,124286,0,DA,1
11696076,0,1377,2015-01-04,2018-10-12,124354,0,HU,0
12345,0,1122,2015-09-16,2018-10-12,124498,0,NO,1
3545,1,1761,2013-12-16,2018-10-12,124546,0,NO,1
4478,0,889,2016-05-05,2018-10-11,124574,0,NO,1
470168,0,1575,2014-06-20,2018-10-12,124612,0,HU,0
4192,0,333,2017-11-13,2018-10-12,124770,0,HU,1
15567,0,1238,2015-05-18,2018-10-07,125007,0,DA,0
7793,1,719,2016-10-22,2018-10-11,125133,0,NO,1
2053415,0,853,2016-06-11,2018-10-12,125218,0,DA,0
1458501,0,1176,2015-07-24,2018-10-12,125614,0,HU,0
4670,1,1627,2014-04-22,2018-10-05,125747,0,NO,1
240,0,2455,2011-12-29,2018-09-18,125774,0,NO,0
780,0,916,2016-03-28,2018-09-30,125827,0,DA,0
7770,1,2082,2013-01-29,2018-10-12,125861,0,NO,1
14484,0,1389,2014-12-11,2018-09-30,126031,0,DA,1
20872,0,1903,2013-07-27,2018-10-12,126119,0,NO,1
10570,0,2255,2012-07-18,2018-09-20,126146,0,NO,0
12161,0,1529,2014-07-30,2018-10-06,126316,0,DA,0
37511,0,1153,2015-08-16,2018-10-12,126389,0,DA,1
11026,1,1720,2014-01-26,2018-10-12,126546,0,DA,1
80358,0,1628,2014-04-28,2018-10-12,126560,0,DA,1
20476,0,1665,2014-03-22,2018-10-12,126576,0,HU,1
7236,1,1764,2013-12-13,2018-10-12,126645,0,HU,1
4497,1,2267,2012-07-28,2018-10-12,127387,0,DA,1
2911891,1,2284,2012-07-11,2018-10-12,127441,0,NO,0
5832,0,984,2016-02-01,2018-10-12,127520,0,HU,0
1840,0,2808,2011-02-03,2018-10-12,127746,0,NO,0
4358,0,868,2016-05-27,2018-10-12,127935,0,HU,1
9760,1,2337,2012-05-19,2018-10-12,127972,0,HU,0
9802,1,927,2016-03-26,2018-10-09,128451,0,NO,1
1821,1,1304,2015-03-05,2018-09-29,128461,0,NO,1
673,0,1346,2015-01-31,2018-10-08,128507,0,NO,0
211735,1,793,2016-08-10,2018-10-12,128533,0,HU,1
3198,1,280,2018-01-05,2018-10-12,128548,0,HU,1
867,0,1456,2014-10-17,2018-10-12,128590,0,DA,0
1012,1,2123,2012-12-16,2018-10-09,128901,0,NO,0
50858,0,1677,2014-03-10,2018-10-12,129097,0,DA,1
140381,0,2323,2012-06-02,2018-10-12,129174,0,DA,0
1136,1,2126,2012-12-02,2018-09-28,129239,0,DA,0
14924,1,2186,2012-10-03,2018-09-28,129269,0,NO,1
1695786,0,1497,2014-09-06,2018-10-12,129374,0,DA,0
129116,0,1275,2015-04-16,2018-10-12,129687,0,DA,0
596,1,2411,2012-02-01,2018-09-08,129774,0,HU,0
275284,0,1134,2015-09-04,2018-10-12,129886,0,DA,0
13174,0,1964,2013-05-27,2018-10-12,130047,0,HU,0
237605,0,1922,2013-06-29,2018-10-03,130140,0,HU,0
2259,1,874,2016-05-17,2018-10-08,130228,0,DA,1
20108,1,1147,2015-08-21,2018-10-11,130307,0,DA,0
1981,0,1028,2015-12-18,2018-10-11,130316,0,DA,0
6736,0,1672,2014-03-13,2018-10-10,130452,0,NO,0
6184,0,660,2016-12-21,2018-10-12,130573,0,DA,1
1099,0,1412,2014-11-21,2018-10-03,130585,0,DA,0
5269337,0,606,2017-02-13,2018-10-12,130627,0,HU,0
7751,0,2237,2012-08-27,2018-10-12,130867,0,DA,0
3129,1,1591,2014-05-29,2018-10-06,130913,0,HU,1
7341,0,2432,2012-02-14,2018-10-12,131166,0,HU,1
1827,0,1069,2015-11-08,2018-10-12,131255,0,HU,0
73929,0,2193,2012-10-08,2018-10-10,131282,0,HU,0
30260,1,641,2017-01-09,2018-10-12,131320,0,HU,1
6114,0,957,2016-02-28,2018-10-12,131420,0,DA,1
2971,0,673,2016-12-08,2018-10-12,131465,0,HU,0
2505,0,1213,2015-06-17,2018-10-12,131527,0,HU,0
4670,0,2254,2012-08-05,2018-10-07,131605,0,NO,0
11684,1,655,2016-12-26,2018-10-12,131725,0,DA,1
2578,0,601,2017-02-17,2018-10-11,131793,0,HU,0
1071,0,249,2018-02-05,2018-10-12,131843,0,HU,0
87629,0,817,2016-07-17,2018-10-12,132165,0,NO,0
3719,0,2088,2012-12-08,2018-08-27,132316,0,NO,0
31835,1,1096,2015-10-12,2018-10-12,132373,0,DA,1
3390,1,485,2017-06-10,2018-10-08,132388,0,DA,1
30285,0,2358,2012-04-27,2018-10-11,132467,0,DA,1
1064444,0,1739,2014-01-07,2018-10-12,133065,0,DA,0
5925,0,317,2017-11-28,2018-10-11,133096,0,DA,1
3858,1,1704,2014-02-10,2018-10-11,133336,0,DA,0
2510,1,510,2017-05-20,2018-10-12,133884,0,HU,0
1954238,0,759,2016-09-13,2018-10-12,134125,0,HU,0
41585,1,2284,2012-07-10,2018-10-11,134197,0,DA,1
265328,0,2417,2012-02-29,2018-10-12,134277,0,HU,0
1350489,0,2156,2012-11-16,2018-10-12,134301,0,HU,0
5048,1,2454,2012-01-22,2018-10-11,134309,0,NO,1
5428,1,1630,2014-04-23,2018-10-09,134501,0,NO,1
10739,0,1842,2013-09-25,2018-10-11,134574,0,HU,1
1639,0,736,2016-10-01,2018-10-07,134615,0,HU,0
4732,1,1013,2016-01-03,2018-10-12,134648,0,NO,1
7346,1,1924,2012-11-10,2018-02-16,134814,1,HU,0
4071,0,1537,2013-01-28,2017-04-14,135007,1,DA,0
369,1,2397,2012-03-10,2018-10-02,135030,0,HU,0
252912,0,838,2016-06-26,2018-10-12,135290,0,DA,0
721,0,2134,2012-12-03,2018-10-07,135295,0,NO,0
4195,1,574,2017-03-16,2018-10-11,135352,0,HU,1
8437,1,2111,2012-12-31,2018-10-12,135419,0,DA,1
65840,0,1916,2013-07-13,2018-10-11,135541,0,DA,1
1025,0,1344,2015-02-05,2018-10-11,135562,0,NO,0
26134,0,1173,2015-07-27,2018-10-12,135573,0,DA,1
149256,0,959,2016-02-26,2018-10-12,135727,0,DA,1
32217,0,1954,2013-05-31,2018-10-06,135881,0,DA,0
11951,1,662,2016-12-19,2018-10-12,135920,0,HU,1
2975,0,2196,2012-10-07,2018-10-12,136010,0,DA,0
2192,1,864,2016-05-23,2018-10-04,136074,0,NO,1
3107,0,178,2018-03-23,2018-09-17,136182,0,DA,1
5139341,0,2103,2013-01-08,2018-10-12,136253,0,DA,0
539671,0,464,2017-07-05,2018-10-12,136282,0,HU,0
12953,0,1892,2013-07-18,2018-09-22,136303,0,DA,0
4851,1,1610,2014-05-08,2018-10-04,136463,0,DA,0
2808195,0,3686,2008-09-08,2018-10-12,136606,0,DA,0
3353,1,429,2017-07-22,2018-09-24,137357,0,DA,1
2642,0,1204,2015-06-25,2018-10-11,137382,0,NO,1
27356,1,2078,2013-02-02,2018-10-12,137567,0,DA,1
1562,1,1234,2015-05-26,2018-10-11,137699,0,DA,1
303,1,242,2018-01-25,2018-09-24,137776,0,HU,0
72789,1,2161,2012-11-11,2018-10-12,137849,0,DA,0
2756,0,1130,2015-09-08,2018-10-12,137927,0,DA,1
1484,0,2389,2012-03-22,2018-10-06,137936,0,NO,0
7803,0,1049,2015-11-28,2018-10-12,138166,0,DA,1
1277,1,2318,2012-06-07,2018-10-12,138171,0,DA,1
14433,1,741,2016-10-01,2018-10-12,138632,0,HU,1
5510,0,976,2016-02-06,2018-10-09,138659,0,DA,1
217,0,1693,2014-02-12,2018-10-02,138760,0,DA,0
19363,1,356,2017-10-20,2018-10-11,138832,0,DA,1
28128,0,1411,2014-11-19,2018-09-30,139376,0,DA,1
8013,0,2353,2012-04-27,2018-10-06,139473,0,NO,1
17866,0,498,2017-06-01,2018-10-12,139506,0,HU,1
2717,0,1942,2013-05-30,2018-09-23,139523,0,DA,1
7575,0,1340,2015-02-06,2018-10-08,139529,0,DA,1
142079,1,1958,2013-06-02,2018-10-12,139562,0,DA,0
2630,0,2045,2013-03-06,2018-10-11,139618,0,NO,1
753819,1,523,2017-05-07,2018-10-12,139719,0,HU,0
10829,0,1032,2015-11-18,2018-09-15,139732,0,DA,1
91800,0,1094,2015-10-14,2018-10-12,139744,0,DA,1
2551,1,1069,2015-11-03,2018-10-07,140014,0,DA,0
3074,0,1240,2015-05-07,2018-09-28,140059,0,DA,0
89150,1,1114,2015-09-23,2018-10-11,140206,0,NO,1
1933,0,1203,2015-06-10,2018-09-25,140315,0,DA,1
19224,0,2028,2013-03-24,2018-10-12,140328,0,DA,1
3047,0,1849,2013-09-09,2018-10-02,140343,0,NO,0
2251,0,1759,2013-12-18,2018-10-12,140425,0,NO,0
2538,0,1869,2013-08-26,2018-10-08,140639,0,HU,0
1938,0,934,2016-03-10,2018-09-30,140721,0,DA,1
2517,0,2022,2013-02-24,2018-09-08,141315,0,HU,0
31359,0,854,2016-06-09,2018-10-11,141525,0,HU,1
2027,0,1986,2013-05-05,2018-10-12,141607,0,HU,0
40738,0,1993,2013-03-29,2018-09-12,141660,0,DA,1
4334,0,348,2017-10-27,2018-10-10,141742,0,NO,1
185841,1,568,2017-03-23,2018-10-12,141748,0,HU,0
332352,0,1701,2014-02-14,2018-10-12,141989,0,DA,0
26370,0,2466,2012-01-10,2018-10-11,142263,0,DA,1
13913,1,430,2017-08-08,2018-10-12,142363,0,NO,1
13376,0,1939,2013-06-10,2018-10-01,142546,0,DA,1
15522,1,799,2016-08-04,2018-10-12,142593,0,HU,1
664,0,609,2016-11-11,2018-07-13,142699,0,HU,0
1747,1,1902,2013-07-02,2018-09-16,142757,0,DA,1
26387,0,2762,2011-03-21,2018-10-12,142878,0,DA,0
7894,0,1188,2015-07-10,2018-10-10,142928,0,DA,1
1505,0,1699,2013-08-17,2018-04-12,143198,1,HU,0
11808,1,694,2016-11-17,2018-10-12,143230,0,HU,1
6502,1,2216,2012-09-15,2018-10-10,143585,0,DA,1
4027,1,326,2017-11-20,2018-10-12,143857,0,NO,1
898,0,922,2016-04-01,2018-10-10,143920,0,DA,0
2112,0,1282,2015-04-08,2018-10-11,143957,0,NO,1
1172,0,661,2016-12-01,2018-09-23,144100,0,HU,0
23810,1,1411,2014-12-01,2018-10-12,144164,0,HU,1
6080,1,1245,2015-05-15,2018-10-11,144417,0,HU,0
7720,1,712,2016-10-15,2018-09-27,144522,0,DA,0
1828272,0,2168,2012-11-04,2018-10-12,144687,0,NO,0
52315,1,1771,2013-12-05,2018-10-11,144826,0,HU,1
3686,0,1531,2014-07-28,2018-10-06,144859,0,HU,1
78311,0,2514,2011-11-24,2018-10-12,144899,0,DA,1
3134,0,2395,2012-03-21,2018-10-11,145019,0,HU,1
26331,0,1416,2014-11-26,2018-10-12,145029,0,NO,1
1268,0,1821,2013-10-05,2018-09-30,145195,0,HU,0
115289,1,721,2016-10-21,2018-10-12,145230,0,HU,0
7010,1,2743,2011-04-09,2018-10-12,145280,0,HU,1
212896,1,2101,2013-01-10,2018-10-12,145346,0,DA,0
5189,1,1477,2014-09-26,2018-10-12,145532,0,DA,1
10844,0,2548,2011-10-18,2018-10-09,145535,0,DA,0
4276,1,1292,2015-03-30,2018-10-12,145871,0,NO,1
28724,0,2926,2010-10-08,2018-10-12,145881,0,DA,0
9894,1,810,2016-07-24,2018-10-12,145888,0,DA,1
1625,0,2419,2012-02-27,2018-10-12,145921,0,NO,0
2592,0,1602,2014-05-24,2018-10-12,146025,0,HU,0
62467,1,1157,2015-08-12,2018-10-12,146183,0,DA,1
2329,0,1763,2013-12-12,2018-10-10,146281,0,HU,1
128024,1,995,2016-01-21,2018-10-12,146700,0,NO,1
3110,1,1114,2015-09-23,2018-10-11,146715,0,DA,1
36016,0,1869,2013-08-30,2018-10-12,146724,0,HU,1
1147,1,2072,2013-02-07,2018-10-11,146986,0,DA,0
2352,0,512,2017-05-18,2018-10-12,147048,0,DA,1
105551,1,1731,2014-01-15,2018-10-12,147221,0,DA,1
361,0,490,2017-06-03,2018-10-06,147321,0,NO,0
7902,1,873,2016-05-22,2018-10-12,147520,0,HU,1
6613,1,993,2016-01-22,2018-10-11,147615,0,DA,1
539549,0,1913,2013-07-17,2018-10-12,147630,0,NO,0
4366,1,343,2017-11-03,2018-10-12,147664,0,HU,1
98982,0,2410,2012-03-07,2018-10-12,147713,0,DA,1
2575,0,694,2016-10-22,2018-09-16,147813,0,HU,1
1345,0,1450,2013-02-24,2017-02-13,147883,1,DA,0
4936,0,2076,2013-01-28,2018-10-05,148250,0,HU,0
1454,0,2133,2012-12-08,2018-10-11,148433,0,HU,0
16665,1,1258,2015-04-28,2018-10-07,148480,0,HU,1
4406,0,1669,2014-03-13,2018-10-07,148510,0,DA,1
3317,1,2384,2012-04-01,2018-10-11,148575,0,DA,0
803,0,2319,2012-06-04,2018-10-10,148645,0,NO,0
55488,0,1362,2015-01-19,2018-10-12,148674,0,DA,1
3784,1,430,2017-08-08,2018-10-12,148811,0,DA,1
13205,1,731,2016-10-11,2018-10-12,148847,0,HU,1
1658,0,2065,2013-02-13,2018-10-10,148849,0,DA,0
4268,0,927,2016-03-29,2018-10-12,148957,0,HU,1
291323,1,1180,2015-07-20,2018-10-12,148966,0,HU,0
1543,0,1553,2014-07-07,2018-10-07,149129,0,HU,0
12454,1,2536,2011-11-02,2018-10-12,149549,0,DA,1
218,0,1488,2014-01-01,2018-01-28,149605,1,HU,0
22916,0,1858,2013-09-10,2018-10-12,149749,0,HU,1
2303,0,1488,2014-09-06,2018-10-03,150117,0,NO,0
2468,1,778,2016-07-28,2018-09-14,150159,0,HU,1
13908,1,2270,2012-07-25,2018-10-12,150311,0,HU,1
3867,0,601,2017-02-07,2018-10-01,150817,0,DA,1
784,1,2532,2011-10-23,2018-09-28,150962,0,NO,0
5791,0,794,2016-08-09,2018-10-12,151058,0,HU,1
6836,0,865,2016-05-30,2018-10-12,151081,0,DA,1
2549,0,1806,2013-10-29,2018-10-09,151126,0,HU,1
7097,0,731,2016-10-08,2018-10-09,151403,0,HU,1
12661,0,2161,2012-11-07,2018-10-08,151421,0,DA,0
13012,1,2166,2012-11-04,2018-10-10,151440,0,DA,1
36343,0,2432,2012-02-11,2018-10-09,151858,0,HU,0
1606,0,1408,2014-11-10,2018-09-18,152127,0,HU,1
3679929,0,2218,2012-09-15,2018-10-12,152145,0,HU,0
20234,1,1541,2014-07-24,2018-10-12,152208,0,HU,1
7416,0,1883,2013-08-16,2018-10-12,152357,0,DA,0
2118,1,250,2018-02-03,2018-10-11,152451,0,HU,0
666,0,746,2016-09-24,2018-10-10,152614,0,DA,0
8506,0,1402,2014-12-10,2018-10-12,152650,0,HU,0
5811,1,2494,2011-12-11,2018-10-09,152689,0,DA,1
1724,0,2863,2010-11-30,2018-10-02,152738,0,HU,0
2858710,1,1313,2015-03-09,2018-10-12,152784,0,HU,0
3071,0,949,2016-02-28,2018-10-04,152800,0,NO,1
47817,0,2253,2012-08-09,2018-10-10,152802,0,HU,0
461,0,1994,2013-04-25,2018-10-10,152848,0,NO,0
6120,1,1974,2013-05-16,2018-10-11,153001,0,HU,0
39877,0,766,2016-09-06,2018-10-12,153145,0,HU,1
25906,1,611,2017-02-07,2018-10-11,153148,0,NO,1
3844,1,3175,2010-01-31,2018-10-11,153176,0,NO,0
1863,0,1611,2014-05-12,2018-10-09,153187,0,NO,0
2345,0,2071,2013-01-26,2018-09-28,153220,0,DA,1
519,0,2352,2012-04-27,2018-10-05,153367,0,NO,0
6305,1,1941,2013-05-30,2018-09-22,153702,0,NO,1
6160,1,1449,2014-10-24,2018-10-12,154178,0,HU,1
14208,0,1711,2014-02-04,2018-10-12,154290,0,DA,1
757,0,1696,2014-02-18,2018-10-11,154440,0,NO,0
5074,1,2339,2012-05-15,2018-10-10,154846,0,NO,0
93358,0,2379,2012-04-07,2018-10-12,154876,0,DA,1
2018,0,1537,2012-10-10,2016-12-25,155013,1,DA,0
6901,0,1541,2014-07-24,2018-10-12,155432,0,HU,1
446,0,1714,2013-09-23,2018-06-03,155514,1,DA,0
2601,1,1968,2013-05-23,2018-10-12,155581,0,DA,0
11323,0,1590,2014-06-05,2018-10-12,155756,0,DA,1
43014,0,546,2017-04-14,2018-10-12,155759,0,DA,1
1397,1,2077,2013-01-27,2018-10-05,156236,0,NO,0
549,0,2109,2012-12-18,2018-09-27,156313,0,HU,0
277277,1,1183,2015-07-17,2018-10-12,156524,0,HU,0
478,0,1371,2015-01-10,2018-10-12,156526,0,NO,0
1792,1,2146,2012-11-24,2018-10-10,156678,0,HU,0
621178,1,2520,2011-11-18,2018-10-12,156785,0,DA,0
20085,1,1959,2013-06-01,2018-10-12,156910,0,NO,1
3405,0,1972,2013-05-18,2018-10-11,157083,0,DA,0
2630,0,862,2016-05-20,2018-09-29,157156,0,DA,1
2598,1,1646,2014-04-08,2018-10-10,157212,0,HU,0
183813,0,2197,2012-10-05,2018-10-11,157237,0,HU,1
27066,1,1629,2014-04-21,2018-10-06,157248,0,HU,1
69400,1,445,2017-07-24,2018-10-12,157404,0,NO,1
35219,0,2111,2012-12-28,2018-10-09,157607,0,DA,1
10872,0,1245,2015-05-16,2018-10-12,157871,0,HU,1
5699,0,1152,2015-08-17,2018-10-12,158186,0,NO,1
1267,1,1343,2015-01-23,2018-09-27,158305,0,HU,0
1745448,0,2434,2012-02-12,2018-10-12,158620,0,HU,0
31746,0,3067,2010-05-20,2018-10-12,158846,0,DA,1
76012,1,527,2017-05-03,2018-10-12,158865,0,HU,1
113570,0,927,2016-03-29,2018-10-12,158975,0,HU,1
17092,1,1641,2014-04-15,2018-10-12,158995,0,HU,1
1334,1,950,2016-03-06,2018-10-12,159095,0,HU,0
51434,1,1977,2013-05-14,2018-10-12,159125,0,DA,1
11501,1,2154,2012-11-11,2018-10-05,159412,0,HU,1
81751,0,1727,2014-01-19,2018-10-12,159789,0,NO,1
2137,0,533,2017-04-15,2018-09-30,159970,0,DA,0
13138,0,1275,2015-04-13,2018-10-09,160005,0,DA,1
7488,0,1785,2013-11-22,2018-10-12,160011,0,NO,1
849,0,1433,2014-11-07,2018-10-10,160091,0,DA,0
11852,0,846,2016-06-18,2018-10-12,160200,0,DA,1
14267,1,1689,2014-02-25,2018-10-11,160567,0,HU,1
562,1,2111,2012-11-15,2018-08-27,160770,0,DA,0
1297,1,1914,2013-07-06,2018-10-02,160938,0,DA,0
3526,0,1865,2013-08-21,2018-09-29,160966,0,HU,0
77068,1,2044,2013-03-08,2018-10-12,161103,0,HU,1
3882,0,454,2017-07-15,2018-10-12,161225,0,NO,1
4745,1,2106,2013-01-03,2018-10-10,161320,0,DA,1
994,1,1373,2015-01-06,2018-10-10,161544,0,DA,0
53545,1,1194,2015-07-06,2018-10-12,161949,0,DA,1
493,0,1701,2013-12-22,2018-08-19,161973,0,NO,0
1731,1,1988,2013-05-03,2018-10-12,162042,0,NO,0
2071,1,2098,2012-12-31,2018-09-29,162422,0,NO,0
14315,1,1034,2015-12-13,2018-10-12,162452,0,HU,1
4977,1,996,2016-01-20,2018-10-12,162668,0,HU,1
10123,0,973,2016-02-12,2018-10-12,162783,0,DA,1
2176,1,395,2017-08-04,2018-09-03,162850,0,HU,1
4447,0,2046,2013-03-02,2018-10-08,163135,0,DA,0
2422,1,1259,2015-04-29,2018-10-09,163334,0,NO,0
2032,0,1260,2015-05-01,2018-10-12,163777,0,DA,0
7121,0,1558,2014-07-07,2018-10-12,163796,0,HU,1
777721,1,2607,2011-08-23,2018-10-12,163820,0,HU,0
2712,0,1901,2013-07-28,2018-10-11,164119,0,NO,1
56085,0,2180,2012-10-21,2018-10-10,164189,0,DA,0
4575,0,584,2017-03-03,2018-10-08,164220,0,DA,1
1585,0,1098,2015-10-10,2018-10-12,164272,0,HU,1
7197,1,1665,2014-03-21,2018-10-11,164330,0,DA,1
9511,0,1195,2015-07-05,2018-10-12,164421,0,HU,0
108699,1,1678,2014-03-09,2018-10-12,164573,0,NO,1
77738,0,1776,2013-12-01,2018-10-12,164774,0,DA,0
154430,1,1403,2014-12-09,2018-10-12,165219,0,DA,1
170010,0,2124,2012-12-18,2018-10-12,165660,0,DA,0
896,0,333,2017-10-18,2018-09-16,165796,0,NO,0
18773,0,2040,2013-01-20,2018-08-22,166014,0,DA,0
811,1,2349,2012-04-20,2018-09-25,166155,0,DA,0
20260,1,2737,2011-04-09,2018-10-06,166286,0,DA,0
11696,0,1198,2015-07-02,2018-10-12,166351,0,NO,1
5483,0,2206,2012-09-24,2018-10-09,166468,0,HU,1
1863,1,1629,2014-02-02,2018-07-20,166956,0,NO,0
4358,0,844,2016-06-20,2018-10-12,167123,0,DA,0
2160,1,453,2017-07-11,2018-10-07,167203,0,HU,0
3694,1,1475,2014-09-23,2018-10-07,167221,0,DA,1
827,0,1311,2014-09-25,2018-04-28,167334,1,HU,0
21381,0,2215,2012-09-18,2018-10-12,167359,0,NO,1
5225,1,912,2016-04-08,2018-10-07,167405,0,DA,1
118628,0,2177,2012-10-26,2018-10-12,167429,0,DA,1
4971,1,2089,2013-01-20,2018-10-10,167553,0,NO,1
91554,0,1910,2013-07-18,2018-10-10,167575,0,DA,1
302758,0,2463,2012-01-14,2018-10-12,167577,0,DA,0
7472,1,198,2018-03-28,2018-10-12,167743,0,HU,1
